{
  "0-cloud": {
    "depth": 4.0,
    "angel": [
      -122.32894736842105,
      3.375
    ]
  },
  "1-cloud": {
    "depth": 5.5,
    "angel": [
      -155.60526315789474,
      2.1315789473684212
    ]
  },
  "16-sky": {
    "depth": 8.17939761620247,
    "angel": [
      -150.75,
      7.519736842105263
    ]
  },
  "20-branch": {
    "depth": 4.178890876565295,
    "angel": [
      -177.51315789473685,
      7.046052631578948
    ],
    "level": 1
  },
  "21-trunk": {
    "depth": 4.222620469932298,
    "angel": [
      -177.03947368421052,
      16.57894736842105
    ],
    "level": 1
  },
  "25-tree": {
    "depth": 5.729154560363641,
    "angel": [
      -172.7171052631579,
      10.539473684210526
    ],
    "level": 0
  },
  "49-cloud": {
    "depth": 4.695870535714286,
    "angel": [
      -167.92105263157896,
      4.5
    ]
  },
  "51-cloud": {
    "depth": 9.010227272727272,
    "angel": [
      -150.57236842105263,
      8.881578947368421
    ]
  },
  "65-leaf": {
    "depth": 5.010575793184489,
    "angel": [
      -174.73026315789474,
      6.809210526315789
    ],
    "level": 1
  },
  "77-cloud": {
    "depth": 5.0,
    "angel": [
      -149.625,
      1.361842105263158
    ]
  },
  "99-self": {
    "depth": 0,
    "angel": [
      0,
      0
    ]
  }
}