{
  "0-cloud": {
    "depth": 4.0,
    "angel": [
      -122.32894736842105,
      3.375
    ],
    "rec": 0.51
  },
  "1-cloud": {
    "depth": 5.5,
    "angel": [
      -155.60526315789474,
      2.1315789473684212
    ],
    "rec": 0.52
  },
  "4-tree": {
    "depth": 15.72136752136752,
    "angel": [
      -123.15789473684211,
      13.322368421052632
    ],
    "rec": 1.1
  },
  "5-tree": {
    "depth": 12.62653411880216,
    "angel": [
      -147.43421052631578,
      10.243421052631579
    ],
    "rec": 1.2
  },
  "6-tree": {
    "depth": 14.258173076923077,
    "angel": [
      -138.19736842105263,
      10.894736842105264
    ],
    "rec": 1.3
  },

  "9-tree": {
    "depth": 12.876347747134265,
    "angel": [
      -127.42105263157895,
      9.947368421052632
    ],
    "rec": 1.4
  },
  "10-shadow": {
    "depth": 9.583778286295448,
    "angel": [
      -147.73026315789474,
      18.11842105263158
    ],
    "rec": 0.51
  },

  "15-leaf": {
    "depth": 14.8,
    "angel": [
      -122.74342105263159,
      14.210526315789474
    ],
    "rec": 0.57
  },
  "16-sky": {
    "depth": 8.17939761620247,
    "angel": [
      -150.75,
      7.519736842105263
    ],
    "rec": 1.5
  },

  "20-branch": {
    "depth": 4.178890876565295,
    "angel": [
      -177.51315789473685,
      7.046052631578948
    ],
    "rec": 0.51
  },
  "21-trunk": {
    "depth": 4.222620469932298,
    "angel": [
      -177.03947368421052,
      16.57894736842105
    ],
    "rec": 0.51
  },
  "22-tree": {
    "depth": 15.878011638657748,
    "angel": [
      -133.2236842105263,
      10.243421052631579
    ],
    "rec": 1.2
  },
  "23-leaf": {
    "depth": 4.252592592592593,
    "angel": [
      -137.3684210526316,
      3.3157894736842106
    ],
    "rec": 0.51
  },
  "24-trunk": {
    "depth": 11.616133082234777,
    "angel": [
      -143.76315789473685,
      13.618421052631579
    ],
    "rec": 0.51
  },
  "25-tree": {
    "depth": 5.729154560363641,
    "angel": [
      -172.7171052631579,
      10.539473684210526
    ],
    "rec": 1.5
  },

  "27-branch": {
    "depth": 5.15,
    "angel": [
      -172.06578947368422,
      5.151315789473684
    ],
    "rec": 0.51
  },
  "28-branch": {
    "depth": 5.034792899408284,
    "angel": [
      -141.39473684210526,
      3.4342105263157894
    ],
    "rec": 0.51
  },
  "29-person": {
    "depth": 5.263257575757576,
    "angel": [
      -179.28947368421052,
      17.17105263157895
    ],
    "rec": 0.51
  },

  "32-tree": {
    "depth": 11.244858919177426,
    "angel": [
      -141.0986842105263,
      8.703947368421053
    ],
    "rec": 1.6
  },

  "34-branch": {
    "depth": 7.600617283950617,
    "angel": [
      -125.28947368421052,
      7.6381578947368425
    ],
    "rec": 0.51
  },
  "35-branch": {
    "depth": 5.214432284541724,
    "angel": [
      -172.06578947368422,
      8.881578947368421
    ],
    "rec": 0.52
  },

  "37-shadow": {
    "depth": 10.151898734177216,
    "angel": [
      -141.45394736842104,
      17.763157894736842
    ],
    "rec": 0.59
  },

  "39-branch": {
    "depth": 5.257246376811594,
    "angel": [
      -173.42763157894737,
      8.289473684210526
    ],
    "rec": 0.51
  },
  "40-leaf": {
    "depth": 4.890420643336868,
    "angel": [
      -174.9078947368421,
      7.875
    ],
    "rec": 0.51
  },
  "41-trunk": {
    "depth": 19.31189109835847,
    "angel": [
      -128.1315789473684,
      13.855263157894736
    ],
    "rec": 0.51
  },
  "42-branch": {
    "depth": 6.097619047619047,
    "angel": [
      -168.57236842105263,
      7.875
    ],
    "rec": 0.51
  },
  "43-shirt": {
    "depth": 12.237762237762238,
    "angel": [
      -129.8486842105263,
      17.289473684210527
    ],
    "rec": 0.51
  },
  "44-tree": {
    "depth": 9.299410358565737,
    "angel": [
      -156.01973684210526,
      9.236842105263158
    ],
    "rec": 1.6
  },

  "46-sidewalk": {
    "depth": 12.541666666666666,
    "angel": [
      -124.22368421052632,
      18.473684210526315
    ],
    "rec": 2
  },
  "47-branch": {
    "depth": 3.8782547501759326,
    "angel": [
      -178.57894736842104,
      7.578947368421052
    ],
    "rec": 0.51
  },

  "49-cloud": {
    "depth": 4.695870535714286,
    "angel": [
      -167.92105263157896,
      4.5
    ],
    "rec": 0.51
  },

  "51-cloud": {
    "depth": 9.010227272727272,
    "angel": [
      -150.57236842105263,
      8.881578947368421
    ],
    "rec": 0.51
  },

  "54-branch": {
    "depth": 5.896668632075472,
    "angel": [
      -142.46052631578948,
      6.453947368421052
    ],
    "rec": 0.51
  },

  "57-leaf": {
    "depth": 4.0,
    "angel": [
      -133.2828947368421,
      3.789473684210526
    ],
    "rec": 0.51
  },
  "58-leaf": {
    "depth": 7.371425316167255,
    "angel": [
      -130.91447368421052,
      6.217105263157895
    ],
    "rec": 0.51
  },
  "59-branch": {
    "depth": 5.893250688705234,
    "angel": [
      -143.23026315789474,
      8.230263157894736
    ],
    "rec": 0.51
  },
  "60-leaf": {
    "depth": 5.0,
    "angel": [
      -137.66447368421052,
      5.032894736842105
    ],
    "rec": 0.51
  },
  "61-leaf": {
    "depth": 7.252276459173011,
    "angel": [
      -146.7236842105263,
      7.934210526315789
    ],
    "rec": 0.51
  },
  "62-branch": {
    "depth": 5.0,
    "angel": [
      -167.26973684210526,
      5.802631578947368
    ],
    "rec": 0.51
  },
  "63-park": {
    "depth": 8.900571045468817,
    "angel": [
      -150.1578947368421,
      15.631578947368421
    ],
    "rec": 0.51
  },

  "65-leaf": {
    "depth": 5.010575793184489,
    "angel": [
      -174.73026315789474,
      6.809210526315789
    ],
    "rec": 0.51
  },
  "66-shirt": {
    "depth": 11.9421768707483,
    "angel": [
      -129.67105263157896,
      17.348684210526315
    ],
    "rec": 0.51
  },

  "70-leaf": {
    "depth": 6.865310766605035,
    "angel": [
      -136.83552631578948,
      7.4605263157894735
    ],
    "rec": 0.51
  },
  "71-people": {
    "depth": 16.155172413793103,
    "angel": [
      -150.0986842105263,
      15.098684210526315
    ],
    "rec": 0.9
  },
  "72-person": {
    "depth": 13.376218323586745,
    "angel": [
      -125.82236842105263,
      18.11842105263158
    ],
    "rec": 0.9
  },

  "74-branch": {
    "depth": 6.147597254004577,
    "angel": [
      -153.23684210526315,
      8.822368421052632
    ],
    "rec": 0.51
  },

  "78-street": {
    "depth": 14.972138805472138,
    "angel": [
      -151.04605263157896,
      17.230263157894736
    ],
    "rec": 2
  },

  "84-sidewalk": {
    "depth": 4.714285714285714,
    "angel": [
      -178.16447368421052,
      19.42105263157895
    ],
    "rec": 2.1
  },

  "87-jacket": {
    "depth": 11.341666666666667,
    "angel": [
      -128.1315789473684,
      17.585526315789473
    ],
    "rec": 0.51
  },
  "88-man": {
    "depth": 12.700396825396826,
    "angel": [
      -128.19078947368422,
      17.94078947368421
    ],
    "rec": 0.51
  },
  "89-branch": {
    "depth": 6.739671760045274,
    "angel": [
      -122.625,
      7.342105263157895
    ],
    "rec": 0.51
  },

  "93-man": {
    "depth": 13.93599033816425,
    "angel": [
      -129.78947368421052,
      17.82236842105263
    ],
    "rec": 0.51
  },

  "95-person": {
    "depth": 5.0777777777777775,
    "angel": [
      -179.23026315789474,
      16.875
    ],
    "rec": 0.51
  },
  "96-people": {
    "depth": 18.038314176245212,
    "angel": [
      -150.57236842105263,
      15.157894736842104
    ],
    "rec": 0.51
  },
  "97-man": {
    "depth": 13.419130434782609,
    "angel": [
      -124.81578947368422,
      17.763157894736842
    ],
    "rec": 0.51
  },
  "98-street": {
    "depth": 15.59199522102748,
    "angel": [
      -150.92763157894737,
      16.519736842105264
    ],
    "rec": 2.3
  },
  "99-branch": {
    "depth": 5.0,
    "angel": [
      -133.9934210526316,
      4.322368421052632
    ],
    "rec": 0.51
  },
  "100-self": {
    "depth": 0,
    "angel": [
      0,
      0
    ],